{"root":{"uri":["http://api.bart.gov/api/stn.aspx?cmd=stns"],"stations":[{"station":[{"name":["12th St. Oakland City Center"],"abbr":["12TH"],"gtfs_latitude":["37.803664"],"gtfs_longitude":["-122.271604"],"address":["1245 Broadway"],"city":["Oakland"],"county":["alameda"],"state":["CA"],"zipcode":["94612"]},{"name":["16th St. Mission"],"abbr":["16TH"],"gtfs_latitude":["37.765062"],"gtfs_longitude":["-122.419694"],"address":["2000 Mission Street"],"city":["San Francisco"],"county":["sanfrancisco"],"state":["CA"],"zipcode":["94110"]},{"name":["19th St. Oakland"],"abbr":["19TH"],"gtfs_latitude":["37.80787"],"gtfs_longitude":["-122.269029"],"address":["1900 Broadway"],"city":["Oakland"],"county":["alameda"],"state":["CA"],"zipcode":["94612"]},{"name":["24th St. Mission"],"abbr":["24TH"],"gtfs_latitude":["37.752254"],"gtfs_longitude":["-122.418466"],"address":["2800 Mission Street"],"city":["San Francisco"],"county":["sanfrancisco"],"state":["CA"],"zipcode":["94110"]},{"name":["Ashby"],"abbr":["ASHB"],"gtfs_latitude":["37.853024"],"gtfs_longitude":["-122.26978"],"address":["3100 Adeline Street"],"city":["Berkeley"],"county":["alameda"],"state":["CA"],"zipcode":["94703"]},{"name":["Balboa Park"],"abbr":["BALB"],"gtfs_latitude":["37.72198087"],"gtfs_longitude":["-122.4474142"],"address":["401 Geneva Avenue"],"city":["San Francisco"],"county":["sanfrancisco"],"state":["CA"],"zipcode":["94112"]},{"name":["Bay Fair"],"abbr":["BAYF"],"gtfs_latitude":["37.697185"],"gtfs_longitude":["-122.126871"],"address":["15242 Hesperian Blvd."],"city":["San Leandro"],"county":["alameda"],"state":["CA"],"zipcode":["94578"]},{"name":["Castro Valley"],"abbr":["CAST"],"gtfs_latitude":["37.690754"],"gtfs_longitude":["-122.075567"],"address":["3301 Norbridge Dr."],"city":["Castro Valley"],"county":["alameda"],"state":["CA"],"zipcode":["94546"]},{"name":["Civic Center/UN Plaza"],"abbr":["CIVC"],"gtfs_latitude":["37.779528"],"gtfs_longitude":["-122.413756"],"address":["1150 Market Street"],"city":["San Francisco"],"county":["sanfrancisco"],"state":["CA"],"zipcode":["94102"]},{"name":["Coliseum/Oakland Airport"],"abbr":["COLS"],"gtfs_latitude":["37.754006"],"gtfs_longitude":["-122.197273"],"address":["7200 San Leandro St."],"city":["Oakland"],"county":["alameda"],"state":["CA"],"zipcode":["94621"]},{"name":["Colma"],"abbr":["COLM"],"gtfs_latitude":["37.684638"],"gtfs_longitude":["-122.466233"],"address":["365 D Street"],"city":["Colma"],"county":["sanmateo"],"state":["CA"],"zipcode":["94014"]},{"name":["Concord"],"abbr":["CONC"],"gtfs_latitude":["37.973737"],"gtfs_longitude":["-122.029095"],"address":["1451 Oakland Avenue"],"city":["Concord"],"county":["contracosta"],"state":["CA"],"zipcode":["94520"]},{"name":["Daly City"],"abbr":["DALY"],"gtfs_latitude":["37.70612055"],"gtfs_longitude":["-122.4690807"],"address":["500 John Daly Blvd."],"city":["Daly City"],"county":["sanmateo"],"state":["CA"],"zipcode":["94014"]},{"name":["Downtown Berkeley"],"abbr":["DBRK"],"gtfs_latitude":["37.869867"],"gtfs_longitude":["-122.268045"],"address":["2160 Shattuck Avenue"],"city":["Berkeley"],"county":["alameda"],"state":["CA"],"zipcode":["94704"]},{"name":["Dublin/Pleasanton"],"abbr":["DUBL"],"gtfs_latitude":["37.701695"],"gtfs_longitude":["-121.900367"],"address":["5801 Owens Dr."],"city":["Pleasanton"],"county":["alameda"],"state":["CA"],"zipcode":["94588"]},{"name":["El Cerrito del Norte"],"abbr":["DELN"],"gtfs_latitude":["37.925655"],"gtfs_longitude":["-122.317269"],"address":["6400 Cutting Blvd."],"city":["El Cerrito"],"county":["contracosta"],"state":["CA"],"zipcode":["94530"]},{"name":["El Cerrito Plaza"],"abbr":["PLZA"],"gtfs_latitude":["37.9030588"],"gtfs_longitude":["-122.2992715"],"address":["6699 Fairmount Avenue"],"city":["El Cerrito"],"county":["contracosta"],"state":["CA"],"zipcode":["94530"]},{"name":["Embarcadero"],"abbr":["EMBR"],"gtfs_latitude":["37.792976"],"gtfs_longitude":["-122.396742"],"address":["298 Market Street"],"city":["San Francisco"],"county":["sanfrancisco"],"state":["CA"],"zipcode":["94111"]},{"name":["Fremont"],"abbr":["FRMT"],"gtfs_latitude":["37.557355"],"gtfs_longitude":["-121.9764"],"address":["2000 BART Way"],"city":["Fremont"],"county":["alameda"],"state":["CA"],"zipcode":["94536"]},{"name":["Fruitvale"],"abbr":["FTVL"],"gtfs_latitude":["37.774963"],"gtfs_longitude":["-122.224274"],"address":["3401 East 12th Street"],"city":["Oakland"],"county":["alameda"],"state":["CA"],"zipcode":["94601"]},{"name":["Glen Park"],"abbr":["GLEN"],"gtfs_latitude":["37.732921"],"gtfs_longitude":["-122.434092"],"address":["2901 Diamond Street"],"city":["San Francisco"],"county":["sanfrancisco"],"state":["CA"],"zipcode":["94131"]},{"name":["Hayward"],"abbr":["HAYW"],"gtfs_latitude":["37.670399"],"gtfs_longitude":["-122.087967"],"address":["699 'B' Street"],"city":["Hayward"],"county":["alameda"],"state":["CA"],"zipcode":["94541"]},{"name":["Lafayette"],"abbr":["LAFY"],"gtfs_latitude":["37.893394"],"gtfs_longitude":["-122.123801"],"address":["3601 Deer Hill Road"],"city":["Lafayette"],"county":["contracosta"],"state":["CA"],"zipcode":["94549"]},{"name":["Lake Merritt"],"abbr":["LAKE"],"gtfs_latitude":["37.797484"],"gtfs_longitude":["-122.265609"],"address":["800 Madison Street"],"city":["Oakland"],"county":["alameda"],"state":["CA"],"zipcode":["94607"]},{"name":["MacArthur"],"abbr":["MCAR"],"gtfs_latitude":["37.828415"],"gtfs_longitude":["-122.267227"],"address":["555 40th Street"],"city":["Oakland"],"county":["alameda"],"state":["CA"],"zipcode":["94609"]},{"name":["Millbrae"],"abbr":["MLBR"],"gtfs_latitude":["37.599787"],"gtfs_longitude":["-122.38666"],"address":["200 North Rollins Road"],"city":["Millbrae"],"county":["sanmateo"],"state":["CA"],"zipcode":["94030"]},{"name":["Montgomery St."],"abbr":["MONT"],"gtfs_latitude":["37.789256"],"gtfs_longitude":["-122.401407"],"address":["598 Market Street"],"city":["San Francisco"],"county":["sanfrancisco"],"state":["CA"],"zipcode":["94104"]},{"name":["North Berkeley"],"abbr":["NBRK"],"gtfs_latitude":["37.87404"],"gtfs_longitude":["-122.283451"],"address":["1750 Sacramento Street"],"city":["Berkeley"],"county":["alameda"],"state":["CA"],"zipcode":["94702"]},{"name":["North Concord/Martinez"],"abbr":["NCON"],"gtfs_latitude":["38.003275"],"gtfs_longitude":["-122.024597"],"address":["3700 Port Chicago Highway"],"city":["Concord"],"county":["contracosta"],"state":["CA"],"zipcode":["94520"]},{"name":["Oakland Int'l Airport"],"abbr":["OAKL"],"gtfs_latitude":["37.71297174"],"gtfs_longitude":["-122.21244024"],"address":["4 Airport Drive"],"city":["Oakland"],"county":["alameda"],"state":["CA"],"zipcode":["94621"]},{"name":["Orinda"],"abbr":["ORIN"],"gtfs_latitude":["37.87836087"],"gtfs_longitude":["-122.1837911"],"address":["11 Camino Pablo"],"city":["Orinda"],"county":["contracosta"],"state":["CA"],"zipcode":["94563"]},{"name":["Pittsburg/Bay Point"],"abbr":["PITT"],"gtfs_latitude":["38.018914"],"gtfs_longitude":["-121.945154"],"address":["1700 West Leland Road"],"city":["Pittsburg"],"county":["contracosta"],"state":["CA"],"zipcode":["94565"]},{"name":["Pleasant Hill/Contra Costa Centre"],"abbr":["PHIL"],"gtfs_latitude":["37.928403"],"gtfs_longitude":["-122.056013"],"address":["1365 Treat Blvd."],"city":["Walnut Creek"],"county":["contracosta"],"state":["CA"],"zipcode":["94597"]},{"name":["Powell St."],"abbr":["POWL"],"gtfs_latitude":["37.784991"],"gtfs_longitude":["-122.406857"],"address":["899 Market Street"],"city":["San Francisco"],"county":["sanfrancisco"],"state":["CA"],"zipcode":["94102"]},{"name":["Richmond"],"abbr":["RICH"],"gtfs_latitude":["37.936887"],"gtfs_longitude":["-122.353165"],"address":["1700 Nevin Avenue"],"city":["Richmond"],"county":["contracosta"],"state":["CA"],"zipcode":["94801"]},{"name":["Rockridge"],"abbr":["ROCK"],"gtfs_latitude":["37.844601"],"gtfs_longitude":["-122.251793"],"address":["5660 College Avenue"],"city":["Oakland"],"county":["alameda"],"state":["CA"],"zipcode":["94618"]},{"name":["San Bruno"],"abbr":["SBRN"],"gtfs_latitude":["37.637753"],"gtfs_longitude":["-122.416038"],"address":["1151 Huntington Avenue"],"city":["San Bruno"],"county":["sanmateo"],"state":["CA"],"zipcode":["94066"]},{"name":["San Francisco Int'l Airport"],"abbr":["SFIA"],"gtfs_latitude":["37.616035"],"gtfs_longitude":["-122.392612"],"address":["International Terminal, Level 3"],"city":["San Francisco Int'l Airport"],"county":["sanmateo"],"state":["CA"],"zipcode":["94128"]},{"name":["San Leandro"],"abbr":["SANL"],"gtfs_latitude":["37.72261921"],"gtfs_longitude":["-122.1613112"],"address":["1401 San Leandro Blvd."],"city":["San Leandro"],"county":["alameda"],"state":["CA"],"zipcode":["94577"]},{"name":["South Hayward"],"abbr":["SHAY"],"gtfs_latitude":["37.63479954"],"gtfs_longitude":["-122.0575506"],"address":["28601 Dixon Street"],"city":["Hayward"],"county":["alameda"],"state":["CA"],"zipcode":["94544"]},{"name":["South San Francisco"],"abbr":["SSAN"],"gtfs_latitude":["37.664174"],"gtfs_longitude":["-122.444116"],"address":["1333 Mission Road"],"city":["South San Francisco"],"county":["sanmateo"],"state":["CA"],"zipcode":["94080"]},{"name":["Union City"],"abbr":["UCTY"],"gtfs_latitude":["37.591208"],"gtfs_longitude":["-122.017867"],"address":["10 Union Square"],"city":["Union City"],"county":["alameda"],"state":["CA"],"zipcode":["94587"]},{"name":["Walnut Creek"],"abbr":["WCRK"],"gtfs_latitude":["37.905628"],"gtfs_longitude":["-122.067423"],"address":["200 Ygnacio Valley Road"],"city":["Walnut Creek"],"county":["contracosta"],"state":["CA"],"zipcode":["94596"]},{"name":["West Dublin/Pleasanton"],"abbr":["WDUB"],"gtfs_latitude":["37.699759"],"gtfs_longitude":["-121.928099"],"address":["6501 Golden Gate Drive"],"city":["Dublin"],"county":["alameda"],"state":["CA"],"zipcode":["94568"]},{"name":["West Oakland"],"abbr":["WOAK"],"gtfs_latitude":["37.80467476"],"gtfs_longitude":["-122.2945822"],"address":["1451 7th Street"],"city":["Oakland"],"county":["alameda"],"state":["CA"],"zipcode":["94607"]}]}],"message":[""]}}