{"root":{"uri":["http://api.bart.gov/api/etd.aspx?cmd=etd&orig=MLBR"],"date":["01/23/2015"],"time":["03:42:22 PM PST"],"station":[{"name":["Millbrae"],"abbr":["MLBR"],"etd":[{"destination":["Richmond"],"abbreviation":["RICH"],"estimate":[{"minutes":["Leaving"],"platform":["3"],"direction":["North"],"length":["5"],"color":["RED"],"hexcolor":["#ff0000"],"bikeflag":["1"]},{"minutes":["20"],"platform":["3"],"direction":["North"],"length":["8"],"color":["RED"],"hexcolor":["#ff0000"],"bikeflag":["1"]},{"minutes":["35"],"platform":["3"],"direction":["North"],"length":["9"],"color":["RED"],"hexcolor":["#ff0000"],"bikeflag":["1"]}]}]}],"message":[""]}}